{
    "name": "Aircraft-plus-modpack",
    "version": "0.0.1",
    "title": "Aircraft+ Modpack",
    "author": "tntmasta",
    "homepage": "",
    "description": "A collection flying things including aircraft and a helicopter to rule over the skies or at least not be stuck on the ground.",
    "contact": "Discord: Tmas#9930",
    "factorio_version": "1.1",
    "dependencies": [
	"base >= 1.1.0",
    "Aircraft",
    "?AircraftRealism",
    "betterCargoPlanes",
    "HelicopterRevival",
    "Hover-Car",
    "?kj_king_jos_planes",
    "Raven"
    ]
}